Address,Trans_Type
0x606af0bd4501855914b50e2672c5926b896737ef,ICO_Wallet
0x01d9f4d104668cdc0b6d13c45dff5e15d58d8f28,ICO_Wallet
0x15c19e6c203e2c34d1edfb26626bfc4f65ef96f0,ICO_Wallet
0x7d5d58560819c172e45b46c0965bbda5a8895f80,ICO_Wallet
0x71e7c73375efbefdf7b4be67e768d9038dde2488,ICO_Wallet
0x126d407584cf73ba5d15102bab0e578a64cca3f1,ICO_Wallet
0x36e6dadc5a045a86dbc9ecfeda5c459784d3537f,ICO_Wallet
0x7bb187351421c3affda57c7a5132e304f73167c8,ICO_Wallet
0x035a401972f228b58dcae76bf318b54ed036d680,ICO_Wallet
0x5894110995b8c8401bd38262ba0c8ee41d4e4658,ICO_Wallet
0x67e4bbe50fbc74633dfd9f7683465c02af896541,ICO_Wallet
0x4f8af8e8734d02a21d73e2a4fb29941f35cbbeac,ICO_Wallet
0x44fcfabfbe32024a01b778c025d70498382cced0,ICO_Wallet
0x7c4b4bb0bb0fadbcb1c54ed55a3b4f1d456726c6,ICO_Wallet
0x537397e3a68584e05e332d2ba75340e37012f50a,ICO_Wallet
0x081edbef6106ab1253557451b261c1c99bade726,ICO_Wallet
0x45fde77ff768aa83df468fb1c6ebc5f2bb21dcea,ICO_Wallet
0x2323763d78bf7104b54a462a79c2ce858d118f2f,ICO_Wallet
0x0bb9fc3ba7bcf6e5d6f6fc15123ff8d5f96cee00,ICO_Wallet
0x3013d62a7357021259c3ee463ec9fbc64de7ba76,ICO_Wallet
0x6a164122d5cf7c840d26e829b46dcc4ed6c0ae48,ICO_Wallet
0x7c27f68b0d5afffb668da3e046adfba6ea1f6bc3,ICO_Wallet
0x26e75307fc0c021472feb8f727839531f112f317,ICO_Wallet
0x55ed2910cc807e4596024266ebdf7b1753405a11,ICO_Wallet
0x5bd48309926121370da1cbbd5b958926e8bdb328,ICO_Wallet
0x23b61de5076526b3a1026491157c6df731ae8b61,ICO_Wallet
0x53f117ca3b93eda96d08c8496af103303c385059,ICO_Wallet
0x75ba02c5baf9cc3e9fe01c51df3cb1437e8690d4,ICO_Wallet
0x4b60b53a6edcd75f0730ecc22579df2079f210b0,ICO_Wallet
0x2097175d0abb8258f2468e3487f8db776e29d076,ICO_Wallet
0x660cdee72302d2941a43db1275eded7827023baa,ICO_Wallet
0x24c3235558572cff8054b5a419251d3b0d43e91b,ICO_Wallet
0x3dbb3e8a5b1e9df522a441ffb8464f57798714b1,ICO_Wallet
0x3061cfbae69bff0f933353cea20de6c89ab16acc,ICO_Wallet
0x72101d19ed90ad71ffaaf6c328930ab9646e751f,ICO_Wallet
0x850468f69fa4fe32816cd7698fd5bd1ece3e1d5c,ICO_Wallet
0x6e95c8e8557abc08b46f3c347ba06f8dc012763f,ICO_Wallet
0x851b7f3ab81bd8df354f0d7640efcd7288553419,ICO_Wallet
0x3257bde8cf067ae6f1ddc0e4b140fe02e3c5e44f,ICO_Wallet
0x7da82c7ab4771ff031b66538d2fb9b0b047f6cf9,ICO_Wallet
0x175af261088b31e58ba384b3758f14bcf6c1f4e1,ICO_Wallet
0x004e6f03648b0b0f529511697b0f36a463a24836,ICO_Wallet
0x85992bb01c8c64a80656c1df988f313af6b661e9,ICO_Wallet
0x1706024467ef8c9c4648da6fc35f2c995ac79cf6,ICO_Wallet
0x376c3e5547c68bc26240d8dcc6729fff665a4448,ICO_Wallet
0x154af3e01ec56bc55fd585622e33e3dfb8a248d8,ICO_Wallet
0x21346283a31a5ad10fa64377e77a8900ac12d469,ICO_Wallet
0x03e4b00b607d0980668ca6e50201576b00000000,ICO_Wallet
0x1c82ee5b828455f870eb2998f2c9b6cc2d52a5f6,ICO_Wallet
0x26967201d4d1e1aa97554838defa4fc4d010ff6f,ICO_Wallet
0x3eb01b3391ea15ce752d01cf3d3f09dec596f650,ICO_Wallet
0x562f587bff5a559e3fe671028b3096d8e3bb9107,ICO_Wallet
0x6a0afe6f45a878100480f312b585aa0d752d4d2d,ICO_Wallet
0x02dc3b8ab87c562cdce707647bd1ba21c390faf4,ICO_Wallet
0x68c4b7d05fae45bcb6192bb93e246c77e98360e1,ICO_Wallet
0x00832a758a781055ac19b5f9bf553db8bb9db32d,ICO_Wallet
0x7e6614722614e434c4df9901bab31e466ba12fa4,ICO_Wallet
0x19c1f4d2cf1606d1ba3030aef48b96e56bc92a6a,ICO_Wallet
0x2b3b67c6dffc2bcdda2315491eac9bbe868fbcdd,ICO_Wallet
0x2149cbdd59b50bef9a264914b441f917dc9c7d55,ICO_Wallet
0x01091506ce9f1977a660c5ad4915cbd89e4e1a49,ICO_Wallet
0x746aaac06b04c36f5fea9bbb35ca75518eda1cca,ICO_Wallet
0x26d08b9d227933a85e855656dc46ab889e183c88,ICO_Wallet
0x04c62019ab478bff5874e7b7d9bc84fcf7e30025,ICO_Wallet
0x3bfc20f0b9afcace800d73d2191166ff16540258,ICO_Wallet
0x5a8b20e070e82b4e3fb97ecbd71b587a74f2ecc1,ICO_Wallet
0x1a8cc57f1155d7df4626978401e203e00da097f7,ICO_Wallet
0x10987d8361338eae4472f107cf069558c54516ae,ICO_Wallet
0x00674045bb7c17f0aa1cde34780d6c51af548728,ICO_Wallet
0x00c7122633a4ef0bc72f7d02456ee2b11e97561e,ICO_Wallet
0x841991ffe0dafd619bc517d82ee4700c37136140,ICO_Wallet
0x6dd5a9f47cfbc44c04a0a4452f0ba792ebfbcc9a,ICO_Wallet
0x1f3df0b8390bb8e9e322972c5e75583e87608ec2,ICO_Wallet
0x3e5dcce17765928400ee4a4b8905e1dd9f42a00f,ICO_Wallet
0x47c8f28e6056374aba3df0854306c2556b104601,ICO_Wallet
0x5574754c7cb6618d0079065bfabdc46f31bc7a32,ICO_Wallet
0x2ef2782905830533d218b7ff4d15b8c0981ce84b,ICO_Wallet
0x5901deb2c898d5dbe5923e05e510e95968a35067,ICO_Wallet
0x5978c1473ee84dd9cf3d90d0e931a79906ee52c5,ICO_Wallet
0x6f6deb5db0c4994a8283a01d6cfeeb27fc3bbe9c,ICO_Wallet
0x22c6731a21ad946bcd934f62f04b2d06ebfbedc9,ICO_Wallet
0x0c295c085cae9c6278df49477d29f71d78c5490d,ICO_Wallet
0x035d3ba0dd04fb61480a83d388541e6c18374369,ICO_Wallet
0x3cf565f5ac331afec57daef46ae7170569de7364,ICO_Wallet
0x27f78970a8be5b33ee866d0f31f7e1d7e383ac6f,ICO_Wallet
0x8464ac68bca6f2ce5ed8aba8dd3c62affb98f0aa,ICO_Wallet
0x0f564a2a5fde73349890e86e9b2aa1639994bf2f,ICO_Wallet
0x606b2272215a0cdd1cf4f38293ffaa42f0f56c34,ICO_Wallet
0x36be38dab57631aae070b8977daa35d6de1ab8a0,ICO_Wallet
0x34967c335d86efc3043fb75f807a0780ffb6905a,ICO_Wallet
0x84a6ddb94f9d16334896f581c7f927a9e6ae5601,ICO_Wallet
0x185f19b43d818e10a31be68f445ef8edcb8afb83,ICO_Wallet
0x49db6ee4507132d1fdac92318e0e6150bf786728,ICO_Wallet
0x0c4b367e876d18d5c102023d9240dd7e9c11b380,ICO_Wallet
0x274df34325ca19627e5e587c48b7e77dfc4b9cc6,ICO_Wallet
0x146f2fba9eba1b72d5162a56e3e5da6c0f4808cc,ICO_Wallet
0x58f75ddacffb183a30f69fe58a67a0d0985fce0f,ICO_Wallet
0x5a2fad810f990c4535ada938400b6b67ef7646af,ICO_Wallet
0x749bd34c771456a8de28aa0883b00d11273e2ede,ICO_Wallet
0x11e63fa9256c37d100b6786569663b116480f92a,ICO_Wallet
0x777f415324d56e1d54fa832902d8797db7a4c57c,Gambling
0xe84a69675d316a639203b527919504b33e8d6f20,Gambling
0x2239df7104fd3f4a5e464e108506e76c47858a20,Gambling
0xe9b1a2164368c00fc93e0e749d9b3cafa1bc6ee2,Gambling
0x8758559975f35dd7d6f05fd59d3948eb43802d4a,Gambling
0xb898ceae9b41ff87b2bc22a41e63755604fe4771,Gambling
0x79a5a6618a7e52e7e9fddd08047faebc92540072,Gambling
0x193bff7a19082cd7e056ea3e22ee0e747b5b6f80,Gambling
0xd1ceeeeee83f8bcf3bedad437202b6154e9f5405,Gambling
0xaec1f783b29aab2727d7c374aa55483fe299fefa,Gambling
0x66666672e63f056350c3e79dc605edc36aa8b952,Gambling
0x88c8e21fd5509af42109f9cd40423f1c365a46c7,Gambling
0x2faa316fc4624ec39adc2ef7b5301124cfb68777,Gambling
0x36e26d22d2f843183cddc4e8886937ef7f8a2a9e,Gambling
0xa52e014b3f5cc48287c2d483a3e026c32cc76e6d,Gambling
0x76b9aa7f5e2cc13c712031ab496a8e2738411806,Gambling
0xfef5497bc53a69875e02ae5b14eeff668f09a729,Gambling
0x999999c60566e0a78df17f71886333e1dace0bae,Gambling
0xddddddd1fd4e3708869c00cabe6b0b9d15181bb9,Gambling
0x2e9494387868eb9ec6997b711d655de82f53713f,Gambling
0xa62142888aba8370742be823c1782d17a0389da1,Gambling
0x4e8ecf79ade5e2c49b9e30d795517a81e0bf00b8,Gambling
0x39ffccecc551f35f8dfcb52c8c01060919aed1ea,Gambling
0xcceed0b7185fbe7f69c083a6c0f6ff5910548d75,Gambling
0x54b17df0bb6141c5589ef0d11c3fd7dfa166f627,Gambling
0x6cbff439f27d1e3431d912b6a0817d7a95596877,Gambling
0x9999998a72a185006f1d17e57d4e586599afb75f,Gambling
0xe6517b766e6ee07f91b517435ed855926bcb1aae,Gambling
0xa74642aeae3e2fd79150c910eb5368b64f864b1e,Gambling
0x14198b67f75b6317f7a0a819168e70992c6a48c4,Gambling
0xb68a6191ccbc0e4bf74af1635aa7b2ab7c09f0df,Gambling
0x3a2732aa4a876f2dadee90e15467d2e5ecd18160,Gambling
0x8196cdd6e17991b22816bb9cdd31faceecf2f816,Gambling
0xdb9953028efb8b659c255b5b676b912c57f37e4b,Gambling
0xb3775fb83f7d12a36e0475abdd1fca35c091efbe,Gambling
0x4fac33dabfd83d160717dfee4175d9caaa249ca5,Gambling
0x8e0bc7a37d2db44bbc46ac77a1e4296a5a3fb862,Gambling
0x974caa59e49682cda0ad2bbe82983419a2ecc400,Gambling
0x29488e24cfdaa52a0b837217926c0c0853db7962,Gambling
0x11cfc32eea4e092f9df0282bb8f99c2eec5ce9e5,Gambling
0x4b675b8429224134c05d1d519eb07b4448febbe9,Gambling
0x68ceaa85cebd73acd8af16409f14c2e0d44d83aa,Gambling
0x7a7f78a2af5aef01a889e8713083ab77dcc9fc9b,Gambling
0xe1f338e069f202f2113d32c8a5d1046d83c92ca4,Gambling
0x0c073c92e7684031cfc297b83ecc33619e864d18,Gambling
0x00192fb10df37c9fb26829eb2cc623cd1bf599e8,Mining
0x6d5c355ea0bef659d3598401a327521f51e9d4eb,Mining
0x002e08000acbbae2155fab7ac01929564949070d,Mining
0x4069e799da927c06b430e247b2ee16c03e8b837d,Mining
0xc839ee5542b4e8413246b3634c5c739fea949562,Mining
0xa855c20a1351acd2690c716e2709c7dff3978d12,Mining
0x45a36a8e118c37e4c47ef4ab827a7c9e579e11e2,Mining
0xb3b7874f13387d44a3398d298b075b7a3505d8d4,Mining
0x4ff271d3e8298213be3d88d257f3973a4b6d727b,Mining
0x99c85bb64564d9ef9a99621301f22c9993cb89e3,Mining
0xc365c3315cf926351ccaf13fa7d19c8c4058c8e1,Mining
0x5b310960a7922092fdcb9295ece336012f9cf87e,Mining
0x52e44f279f4203dcf680395379e5f9990a69f13c,Mining
0x68795c4aa09d6f4ed3e5deddf8c2ad3049a601da,Mining
0xa42af2c70d316684e57aefcc6e393fecb1c7e84e,Mining
0x6a7a43be33ba930fe58f34e07d0ad6ba7adb9b1f,Mining
0x11905bd0863ba579023f662d1935e39d0c671933,Mining
0x4f9bebe3adc3c7f647c0023c60f91ac9dffa52d5,Mining
0x249bdb4499bd7c683664c149276c1d86108e2137,Mining
0x2a65aca4d5fc5b5c859090a6c34d164135398226,Mining
0x151255dd9e38e44db38ea06ec66d0d113d6cbe37,Mining
0xc4aeb20798368c48b27280847e187bb332b9bc77,Mining
0xa027231f42c80ca4125b5cb962a21cd4f812e88f,Mining
0x8fce1ef27f3add1411c7a99be402de598ad38389,Mining
0x52f13e25754d822a3550d0b68fdefe9304d27ae8,Mining
0x8d35067233605bef6069191ae0922d134ff80d48,Mining
0x9d551f41fed6fc27b719777c224dfecce170004d,Mining
0x4bb96091ee9d802ed039c4d1a5f6216f90f81b01,Mining
0x6537b65a50a862391515455272f9b6c7168afe94,Mining
0xc730b028da66ebb14f20e67c68dd809fbc49890d,Mining
0xcc22cb1b6625b64e81909456111d76be6158dfbc,Mining
0x8595dd9e0438640b5e1254f9df579ac12a86865f,Mining
0xc3348b43d3881151224b490e4aa39e03d2b1cdea,Mining
0x829bd824b016326a401d083b33d092293333a830,Mining
0x35f61dfb08ada13eba64bf156b80df3d5b3a738d,Mining
0xb6cf40aee9990c25d7d6193952af222e120b31c2,Mining
0x7f101fe45e6649a6fb8f3f8b43ed03d353f2b90c,Mining
0x03e75d7dd38cce2e20ffee35ec914c57780a8e29,Mining
0x8bc6667ef4f338bb5d4a2ef23d20e314e9c6dbfb,Mining
0x1ad91ee08f21be3de0ba2ba6918e714da6b45836,Mining
0x4c549990a7ef3fea8784406c1eecc98bf4211fa5,Mining
0x3c16183c1c0e28f1a0cb9f8ee4b21d0db208ca46,Mining
0x6d1d84363e342a099005423a1bc7e25a5b5ffbeb,Mining
0xc45b8a5cc6b2f0583dae0197b5cc3b99de4eff9f,Mining
0xac56a9e051ef1821cb4f3a0427fc941286c4e9e8,Mining
0xa11ae3a981d50bcd4c9ff6732c1f815483475ff8,Mining
0xc33997fd8b9251b49151911def437bca7a78ba00,Mining
0x95ca6baf212be85b238413d461d20a2aa8354dd5,Mining
0x9d6d492bd500da5b33cf95a5d610a73360fcaaa0,Mining
0x14b30f257c2737370203a15aa343c2b600dfb675,Mining
0xbcc817f057950b0df41206c5d7125e6225cae18e,Mining
0x433022c4066558e7a32d850f02d2da5ca782174d,Mining
0x7777788200b672a42421017f65ede4fc759564c8,Mining
0x4e4e23ac3c11789e23169025503ea4373b01417b,Mining
0x26b3eea1cd34a4aff7ce828a5f71daac042d38e0,Mining
0x7f3b29ae0d5edae9bb148537d4ed2b12beddf8b3,Mining
0x6c3183792fbb4a4dd276451af6baf5c66d5f5e48,Mining
0x01ca8a0ba4a80d12a8fb6e3655688f57b16608cf,Mining
0x0708f87a089a91c65d48721aa941084648562287,Mining
0x21479eb8cb1a27861c902f07a952b72b10fd53ef,Mining
0x28846f1ec065eea239152213373bb58b1c9fc93b,Mining
0x2b0ddd0b78ae998c5a48ff2e00c4fc568ec0a412,Mining
0x2c49d502dc4d9aee47c26441d7d90794c18243ed,Mining
0x3f0ee622f9e89df9db62c35cae55d57c56fd56f6,Mining
0x537b6bd3caeb0d41540ac1fd406b9acda5670aad,Mining
0x55bb709b7a5c51a0c25ea6424931d5c8545c59db,Mining
0x5dcb78343780e1b1e578ae0590dc1e868792a435,Mining
0x646db8ffc21e7ddc2b6327448dd9fa560df41087,Mining
0x6ebaf477f83e055589c1188bcc6ddccd8c9b131a,Mining
0x8f03f1a3f10c05e7cccf75c1fd10168e06659be7,Mining
0xab3b229eb4bcff881275e7ea2f0fd24eeac8c83a,Mining
0xaee98861388af1d6323b95f78adf3dda102a276c,Mining
0xb7e390864a90b7b923c9f9310c6f98aafe43f707,Mining
0xbc78d75867b04f996ef1050d8090b8ccb91f09af,Mining
0xc8f595e2084db484f8a80109101d58625223b7c9,Mining
0xc93452a74e596e81e4f73ca1acff532089ad4c62,Mining
0x09ab1303d3ccaf5f018cd511146b07a240c70294,Mining
0xbbbbbbbb49459e69878219f906e73aa325ff2f0c,Mining
0x06b8c5883ec71bc3f4b332081519f23834c8706e,Mining
0x3ecef08d0e2dad803847e052249bb4f8bff2d5bb,Mining
0x2a98776c7e13ed1c240858bd241dcf95fc1928b4,Mining
0x52bc44d5378309ee2abf1539bf71de1b7d7be3b5,Mining
0x2f979c933aef4fcddd27c0fa5c54d8a780555b0a,Mining
0x776bb566dc299c9e722773d2a04b401e831a6dc8,Mining
0x6b7d50bb8fab584e54251a10e1c6cfa51dd7b618,Mining
0x47c439c8784b44366735fc2cfe08228cb91d5b8e,Mining
0xa7b0536fb02c593b0dfd82bd65aacbdd19ae4777,Mining
0x2daa35962a6d43eb54c48367b33d0b379c930e5e,Mining
0x2a20380dca5bc24d052acfbf79ba23e988ad0050,Mining
0xcd458d7f11023556cc9058f729831a038cb8df9c,Mining
0x8b4de256180cfec54c436a470af50f9ee2813dbb,Mining
0x5a0b54d5dc17e0aadc383d2db43b0a0d3e029c4c,Mining
0x1dcb8d1f0fcc8cbc8c2d76528e877f915e299fbe,Mining
0x63a9975ba31b0b9626b34300f7f627147df1f526,Mining
0xa3c084ae80a3f03963017669bc696e961d3ae5d5,Mining
0x44fd3ab8381cc3d14afa7c4af7fd13cdc65026e1,Mining
0x9435d50503aee35c8757ae4933f7a0ab56597805,Mining
0x7c6694032b4db11ac485e1cff0f7509d58b41569,Mining
0x6a851246689eb8fc77a9bf68df5860f13f679fa0,Mining
0x04668ec2f57cc15c381b461b9fedab5d451c8f7f,Mining
